﻿<?xml version="1.0" encoding="utf-8"?><toc><breadcrumbs><li><a href="044e8d7f-0f94-a8b4-bd65-529f6359fdf7.htm">Docs</a></li><li><a href="044e8d7f-0f94-a8b4-bd65-529f6359fdf7.htm">In<wbr />Memory<wbr />DB</a></li></breadcrumbs><tocItems><li><a id="072256a6-4e86-2a0a-723b-934e64bcdb43" class="has-submenu" href="072256a6-4e86-2a0a-723b-934e64bcdb43.htm"><span data-tocFile="../toc/IDAA.xml" class="icon toggle" onclick="ToggleExpandCollapse(this); return false;"><i class="fa fa-angle-right"> </i></span>Db</a><ul class="toc-menu is-hidden"> </ul></li><li><a id="4fbc5763-f72d-71a7-e56d-5031feba9090" class="has-submenu" href="4fbc5763-f72d-71a7-e56d-5031feba9090.htm"><span data-tocFile="../toc/IDBA.xml" class="icon toggle" onclick="ToggleExpandCollapse(this); return false;"><i class="fa fa-angle-right"> </i></span>Db.<wbr />Field<wbr />Convertor</a><ul class="toc-menu is-hidden"> </ul></li><li><a id="15d1f56f-3dc8-30e2-1769-44c8b9a97dea" class="has-submenu" href="15d1f56f-3dc8-30e2-1769-44c8b9a97dea.htm"><span data-tocFile="../toc/IDCA.xml" class="icon toggle" onclick="ToggleExpandCollapse(this); return false;"><i class="fa fa-angle-right"> </i></span>Db.<wbr />Record<wbr />Wrapper</a><ul class="toc-menu is-hidden"> </ul></li><li><a id="46a67b2d-bfd0-833f-4eb7-7ea9c7c08d2c" class="has-submenu" href="46a67b2d-bfd0-833f-4eb7-7ea9c7c08d2c.htm"><span data-tocFile="../toc/IDDA.xml" class="icon toggle" onclick="ToggleExpandCollapse(this); return false;"><i class="fa fa-angle-right"> </i></span>Field&lt;T&gt;</a><ul class="toc-menu is-hidden"> </ul></li><li><a id="d216a1ac-6f71-a87f-e312-ebec07c90547" class="has-submenu" href="d216a1ac-6f71-a87f-e312-ebec07c90547.htm"><span data-tocFile="../toc/IDEA.xml" class="icon toggle" onclick="ToggleExpandCollapse(this); return false;"><i class="fa fa-angle-right"> </i></span>ITree&lt;T&gt;</a><ul class="toc-menu is-hidden"> </ul></li><li><a id="5461e5eb-5405-4cba-b818-6e7fd22b84dd" class="has-submenu" href="5461e5eb-5405-4cba-b818-6e7fd22b84dd.htm"><span data-tocFile="../toc/IDFA.xml" class="icon toggle" onclick="ToggleExpandCollapse(this); return false;"><i class="fa fa-angle-right"> </i></span>Parent<wbr />Field</a><ul class="toc-menu is-hidden"> </ul></li><li><a id="dd104f96-249b-6ed8-8b7f-52cffe66f83b" class="has-submenu" href="dd104f96-249b-6ed8-8b7f-52cffe66f83b.htm"><span data-tocFile="../toc/IDGA.xml" class="icon toggle" onclick="ToggleExpandCollapse(this); return false;"><i class="fa fa-angle-right"> </i></span>Program</a><ul class="toc-menu is-hidden"> </ul></li></tocItems></toc>