﻿<?xml version="1.0" encoding="utf-8"?><toc><breadcrumbs><li><a href="044e8d7f-0f94-a8b4-bd65-529f6359fdf7.htm">Docs</a></li><li><a href="044e8d7f-0f94-a8b4-bd65-529f6359fdf7.htm">In<wbr />Memory<wbr />DB</a></li><li><a href="072256a6-4e86-2a0a-723b-934e64bcdb43.htm">Db</a></li></breadcrumbs><tocItems><li><a id="e7a4f4cc-6f52-a33d-2763-30583ccddc07" href="e7a4f4cc-6f52-a33d-2763-30583ccddc07.htm">Constructor</a></li><li><a id="c65c3ead-6e24-bb3b-9d99-0a9c3986fc72" class="has-submenu" href="c65c3ead-6e24-bb3b-9d99-0a9c3986fc72.htm"><span data-tocFile="../toc/IDBAA.xml" class="icon toggle" onclick="ToggleExpandCollapse(this); return false;"><i class="fa fa-angle-right"> </i></span>Properties</a><ul class="toc-menu is-hidden"> </ul></li><li><a id="2cb4e269-e6a3-bb18-8c1a-cc45463ec93c" class="has-submenu" href="2cb4e269-e6a3-bb18-8c1a-cc45463ec93c.htm"><span data-tocFile="../toc/IDCAA.xml" class="icon toggle" onclick="ToggleExpandCollapse(this); return false;"><i class="fa fa-angle-right"> </i></span>Methods</a><ul class="toc-menu is-hidden"> </ul></li><li><a id="f4696747-4da6-5f29-1cc3-02477984e861" class="has-submenu" href="f4696747-4da6-5f29-1cc3-02477984e861.htm"><span data-tocFile="../toc/IDDAA.xml" class="icon toggle" onclick="ToggleExpandCollapse(this); return false;"><i class="fa fa-angle-right"> </i></span>Fields</a><ul class="toc-menu is-hidden"> </ul></li></tocItems></toc>