﻿<?xml version="1.0" encoding="utf-8"?><toc><breadcrumbs><li><a href="044e8d7f-0f94-a8b4-bd65-529f6359fdf7.htm">Docs</a></li><li><a href="044e8d7f-0f94-a8b4-bd65-529f6359fdf7.htm">In<wbr />Memory<wbr />DB</a></li><li><a href="4fbc5763-f72d-71a7-e56d-5031feba9090.htm">Db.<wbr />Field<wbr />Convertor</a></li><li><a href="9d8db409-bbe4-fc58-3c8f-4c323d350ed6.htm">Methods</a></li><li><a href="d0471142-7898-ad3d-368c-18a14307a12e.htm">Get<wbr />Field</a></li></breadcrumbs><tocItems><li><a id="2361148a-585b-2e0e-acb4-a7ad4547ac4b" href="2361148a-585b-2e0e-acb4-a7ad4547ac4b.htm">Get<wbr />Field(<wbr />Boolean)</a></li><li><a id="cc1a1cbd-34a5-5864-ced6-9a9a55f60ecb" href="cc1a1cbd-34a5-5864-ced6-9a9a55f60ecb.htm">Get<wbr />Field(<wbr />Double)</a></li><li><a id="2a8b24a4-baa7-495f-3c6c-f184eaabff1f" href="2a8b24a4-baa7-495f-3c6c-f184eaabff1f.htm">Get<wbr />Field&lt;T&gt;(<wbr />T)</a></li><li><a id="9aa58409-7484-b80b-dba4-8fab54e105f4" href="9aa58409-7484-b80b-dba4-8fab54e105f4.htm">Get<wbr />Field(<wbr />Char)</a></li><li><a id="e956a134-912c-10c2-8462-6da2551ff1a5" href="e956a134-912c-10c2-8462-6da2551ff1a5.htm">Get<wbr />Field(<wbr />Int<wbr />32)</a></li><li><a id="ba49ebd9-5dfd-4700-ec10-0dfe1961d054" href="ba49ebd9-5dfd-4700-ec10-0dfe1961d054.htm">Get<wbr />Field(<wbr />Single)</a></li><li><a id="464e8fd6-feb2-b8f7-f9dd-930d8534e6a7" href="464e8fd6-feb2-b8f7-f9dd-930d8534e6a7.htm">Get<wbr />Field(<wbr />String)</a></li></tocItems></toc>