﻿<?xml version="1.0" encoding="utf-8"?><toc><breadcrumbs><li><a href="044e8d7f-0f94-a8b4-bd65-529f6359fdf7.htm">Docs</a></li><li><a href="044e8d7f-0f94-a8b4-bd65-529f6359fdf7.htm">In<wbr />Memory<wbr />DB</a></li><li><a href="d216a1ac-6f71-a87f-e312-ebec07c90547.htm">ITree&lt;T&gt;</a></li><li><a href="0b6e128f-c62e-3274-1e9d-81320b8167dc.htm">Methods</a></li></breadcrumbs><tocItems><li><a id="c6ddd611-6fd2-d0f5-d80e-a5f17ce416d2" href="c6ddd611-6fd2-d0f5-d80e-a5f17ce416d2.htm">Find</a></li><li><a id="4e4593f6-6171-6296-1c6f-57e2b9cef94d" href="4e4593f6-6171-6296-1c6f-57e2b9cef94d.htm">Find<wbr />All</a></li><li><a id="85cb7a8f-be67-fe9b-1c43-7ff89d64ed04" href="85cb7a8f-be67-fe9b-1c43-7ff89d64ed04.htm">Insert</a></li></tocItems></toc>