﻿<?xml version="1.0" encoding="utf-8"?><toc><breadcrumbs><li><a href="044e8d7f-0f94-a8b4-bd65-529f6359fdf7.htm">Docs</a></li><li><a href="044e8d7f-0f94-a8b4-bd65-529f6359fdf7.htm">In<wbr />Memory<wbr />DB</a></li><li><a href="4fbc5763-f72d-71a7-e56d-5031feba9090.htm">Db.<wbr />Field<wbr />Convertor</a></li></breadcrumbs><tocItems><li><a id="9d8db409-bbe4-fc58-3c8f-4c323d350ed6" class="has-submenu" href="9d8db409-bbe4-fc58-3c8f-4c323d350ed6.htm"><span data-tocFile="../toc/IDABA.xml" class="icon toggle" onclick="ToggleExpandCollapse(this); return false;"><i class="fa fa-angle-right"> </i></span>Methods</a><ul class="toc-menu is-hidden"> </ul></li></tocItems></toc>