﻿<?xml version="1.0" encoding="utf-8"?><toc><breadcrumbs><li><a href="044e8d7f-0f94-a8b4-bd65-529f6359fdf7.htm">Docs</a></li><li><a href="044e8d7f-0f94-a8b4-bd65-529f6359fdf7.htm">In<wbr />Memory<wbr />DB</a></li><li><a href="072256a6-4e86-2a0a-723b-934e64bcdb43.htm">Db</a></li><li><a href="c65c3ead-6e24-bb3b-9d99-0a9c3986fc72.htm">Properties</a></li></breadcrumbs><tocItems><li><a id="f526a751-c5c8-3eeb-e85c-51344642e250" href="f526a751-c5c8-3eeb-e85c-51344642e250.htm">Count</a></li></tocItems></toc>