﻿<?xml version="1.0" encoding="utf-8"?><toc><breadcrumbs><li><a href="044e8d7f-0f94-a8b4-bd65-529f6359fdf7.htm">Docs</a></li><li><a href="044e8d7f-0f94-a8b4-bd65-529f6359fdf7.htm">In<wbr />Memory<wbr />DB</a></li><li><a href="15d1f56f-3dc8-30e2-1769-44c8b9a97dea.htm">Db.<wbr />Record<wbr />Wrapper</a></li><li><a href="80146e83-4ef3-cef4-a3e9-e130541427c3.htm">Methods</a></li></breadcrumbs><tocItems><li><a id="65ba6244-f400-00fb-fa11-29bd6e3c94df" href="65ba6244-f400-00fb-fa11-29bd6e3c94df.htm">Get<wbr />Dynamic<wbr />Member<wbr />Names</a></li><li><a id="637fd112-2b60-8f05-82ee-0168d965856e" href="637fd112-2b60-8f05-82ee-0168d965856e.htm">Try<wbr />Get<wbr />Member</a></li><li><a id="a289368f-80b0-5a5d-cd64-b04123246482" href="a289368f-80b0-5a5d-cd64-b04123246482.htm">Try<wbr />Set<wbr />Member</a></li></tocItems></toc>