﻿<?xml version="1.0" encoding="utf-8"?><toc><breadcrumbs><li><a href="044e8d7f-0f94-a8b4-bd65-529f6359fdf7.htm">Docs</a></li><li><a href="044e8d7f-0f94-a8b4-bd65-529f6359fdf7.htm">In<wbr />Memory<wbr />DB</a></li><li><a href="46a67b2d-bfd0-833f-4eb7-7ea9c7c08d2c.htm">Field&lt;T&gt;</a></li><li><a href="7a98f26f-68d8-02a5-a442-66c523e2f6da.htm">Properties</a></li></breadcrumbs><tocItems><li><a id="3b7714fe-a54f-583b-d1da-9ed1a8a730c1" href="3b7714fe-a54f-583b-d1da-9ed1a8a730c1.htm">Value</a></li></tocItems></toc>