﻿<?xml version="1.0" encoding="utf-8"?><toc><breadcrumbs><li><a href="044e8d7f-0f94-a8b4-bd65-529f6359fdf7.htm">Docs</a></li><li><a href="044e8d7f-0f94-a8b4-bd65-529f6359fdf7.htm">In<wbr />Memory<wbr />DB</a></li><li><a href="dd104f96-249b-6ed8-8b7f-52cffe66f83b.htm">Program</a></li><li><a href="3441d170-6c58-1c02-1012-b7ae6faed9b8.htm">Methods</a></li></breadcrumbs><tocItems><li><a id="27f71970-31e8-afd5-641a-99ad935c24b4" href="27f71970-31e8-afd5-641a-99ad935c24b4.htm">Main</a></li></tocItems></toc>