﻿<?xml version="1.0" encoding="utf-8"?><toc><breadcrumbs><li><a href="044e8d7f-0f94-a8b4-bd65-529f6359fdf7.htm">Docs</a></li><li><a href="044e8d7f-0f94-a8b4-bd65-529f6359fdf7.htm">In<wbr />Memory<wbr />DB</a></li><li><a href="15d1f56f-3dc8-30e2-1769-44c8b9a97dea.htm">Db.<wbr />Record<wbr />Wrapper</a></li></breadcrumbs><tocItems><li><a id="478e79c1-235a-88dc-895c-0030f9454167" href="478e79c1-235a-88dc-895c-0030f9454167.htm">Constructor</a></li><li><a id="80146e83-4ef3-cef4-a3e9-e130541427c3" class="has-submenu" href="80146e83-4ef3-cef4-a3e9-e130541427c3.htm"><span data-tocFile="../toc/IDBCA.xml" class="icon toggle" onclick="ToggleExpandCollapse(this); return false;"><i class="fa fa-angle-right"> </i></span>Methods</a><ul class="toc-menu is-hidden"> </ul></li><li><a id="1ef05f1f-c0f6-e8f3-f569-c1bbeab7fa4b" class="has-submenu" href="1ef05f1f-c0f6-e8f3-f569-c1bbeab7fa4b.htm"><span data-tocFile="../toc/IDCCA.xml" class="icon toggle" onclick="ToggleExpandCollapse(this); return false;"><i class="fa fa-angle-right"> </i></span>Fields</a><ul class="toc-menu is-hidden"> </ul></li></tocItems></toc>