﻿<?xml version="1.0" encoding="utf-8"?><toc><breadcrumbs><li><a href="044e8d7f-0f94-a8b4-bd65-529f6359fdf7.htm">Docs</a></li><li><a href="044e8d7f-0f94-a8b4-bd65-529f6359fdf7.htm">In<wbr />Memory<wbr />DB</a></li><li><a href="072256a6-4e86-2a0a-723b-934e64bcdb43.htm">Db</a></li><li><a href="2cb4e269-e6a3-bb18-8c1a-cc45463ec93c.htm">Methods</a></li></breadcrumbs><tocItems><li><a id="90b943ae-3a70-df98-1589-7e8bc9252535" href="90b943ae-3a70-df98-1589-7e8bc9252535.htm">Add<wbr />Column&lt;T&gt;</a></li><li><a id="5544ad91-8f87-dbde-41a3-3a18091432fe" href="5544ad91-8f87-dbde-41a3-3a18091432fe.htm">Column<wbr />Index</a></li><li><a id="3f357e06-9939-ff0c-8d5a-e4f621e1d98d" href="3f357e06-9939-ff0c-8d5a-e4f621e1d98d.htm">Column<wbr />Type</a></li><li><a id="1e79d566-eba0-9195-d2d2-89783a180e74" href="1e79d566-eba0-9195-d2d2-89783a180e74.htm">Copy<wbr />Structure</a></li><li><a id="c5c1c7d4-c8f3-d4e7-e602-271b42f893dc" href="c5c1c7d4-c8f3-d4e7-e602-271b42f893dc.htm">Drop</a></li><li><a id="b0934a8d-6bb2-c19f-99c0-cd0c2eefbef9" href="b0934a8d-6bb2-c19f-99c0-cd0c2eefbef9.htm">First</a></li><li><a id="f479177b-80fb-053d-15f8-27fc8971910c" href="f479177b-80fb-053d-15f8-27fc8971910c.htm">Get<wbr />Sum&lt;T&gt;</a></li><li><a id="9a20e143-c81f-a6f8-c53c-fcb4362fdf0c" class="has-submenu" href="9a20e143-c81f-a6f8-c53c-fcb4362fdf0c.htm"><span data-tocFile="../toc/IDHCAA.xml" class="icon toggle" onclick="ToggleExpandCollapse(this); return false;"><i class="fa fa-angle-right"> </i></span>Insert</a><ul class="toc-menu is-hidden"> </ul></li><li><a id="2e4e2022-3687-d2e2-00d8-f67bac80e85f" href="2e4e2022-3687-d2e2-00d8-f67bac80e85f.htm">Last</a></li><li><a id="015236ac-c898-2e62-26d1-b4fc45ea39c3" href="015236ac-c898-2e62-26d1-b4fc45ea39c3.htm">Make<wbr />Index&lt;T&gt;</a></li><li><a id="12f616d6-7f1b-9c96-e44a-2397b87b220c" href="12f616d6-7f1b-9c96-e44a-2397b87b220c.htm">Record<wbr />At</a></li><li><a id="1f0b9c9c-3c7a-d1cd-7b6b-61741a0a061c" href="1f0b9c9c-3c7a-d1cd-7b6b-61741a0a061c.htm">Remove<wbr />Column</a></li><li><a id="fdfe873b-86ef-44aa-4b3d-b440b17033e2" href="fdfe873b-86ef-44aa-4b3d-b440b17033e2.htm">Remove<wbr />Column<wbr />At</a></li><li><a id="719ba15c-dda1-1096-8c0d-9cdaef65c715" href="719ba15c-dda1-1096-8c0d-9cdaef65c715.htm">Select<wbr />All<wbr />Where&lt;T&gt;</a></li><li><a id="9a827cf0-c1e7-d1f5-1ea5-4aab897f6e30" href="9a827cf0-c1e7-d1f5-1ea5-4aab897f6e30.htm">Select<wbr />One<wbr />Where&lt;T&gt;</a></li></tocItems></toc>