﻿<?xml version="1.0" encoding="utf-8"?><toc><breadcrumbs><li><a href="044e8d7f-0f94-a8b4-bd65-529f6359fdf7.htm">Docs</a></li><li><a href="044e8d7f-0f94-a8b4-bd65-529f6359fdf7.htm">In<wbr />Memory<wbr />DB</a></li><li><a href="15d1f56f-3dc8-30e2-1769-44c8b9a97dea.htm">Db.<wbr />Record<wbr />Wrapper</a></li><li><a href="1ef05f1f-c0f6-e8f3-f569-c1bbeab7fa4b.htm">Fields</a></li></breadcrumbs><tocItems><li><a id="f425fe04-2be5-2ead-ae48-0d7787f5026e" href="f425fe04-2be5-2ead-ae48-0d7787f5026e.htm">_db</a></li><li><a id="4c2d770c-fac9-ffc1-c7db-18b59daa1372" href="4c2d770c-fac9-ffc1-c7db-18b59daa1372.htm">_record</a></li></tocItems></toc>