﻿<?xml version="1.0" encoding="utf-8"?><toc><breadcrumbs><li><a href="044e8d7f-0f94-a8b4-bd65-529f6359fdf7.htm">Docs</a></li><li><a href="044e8d7f-0f94-a8b4-bd65-529f6359fdf7.htm">In<wbr />Memory<wbr />DB</a></li><li><a href="46a67b2d-bfd0-833f-4eb7-7ea9c7c08d2c.htm">Field&lt;T&gt;</a></li><li><a href="190e1f60-c7c3-840d-807c-60548371390a.htm">Methods</a></li></breadcrumbs><tocItems><li><a id="038063e6-4b1b-8b2e-35a5-349f6dfb81df" href="038063e6-4b1b-8b2e-35a5-349f6dfb81df.htm">Equals</a></li><li><a id="ee588de2-934f-27ef-c14f-aa6f0d7fd8da" href="ee588de2-934f-27ef-c14f-aa6f0d7fd8da.htm">Get<wbr />Hash<wbr />Code</a></li></tocItems></toc>