﻿<?xml version="1.0" encoding="utf-8"?><toc><breadcrumbs><li><a href="044e8d7f-0f94-a8b4-bd65-529f6359fdf7.htm">Docs</a></li><li><a href="044e8d7f-0f94-a8b4-bd65-529f6359fdf7.htm">In<wbr />Memory<wbr />DB</a></li><li><a href="072256a6-4e86-2a0a-723b-934e64bcdb43.htm">Db</a></li><li><a href="f4696747-4da6-5f29-1cc3-02477984e861.htm">Fields</a></li></breadcrumbs><tocItems><li><a id="816d168b-8b85-49a5-6a42-28716d8fb552" href="816d168b-8b85-49a5-6a42-28716d8fb552.htm">_columns</a></li><li><a id="6a307a6a-2328-bbdf-d47a-0cceaf58176f" href="6a307a6a-2328-bbdf-d47a-0cceaf58176f.htm">_empty</a></li><li><a id="72160e28-d32f-b5ef-18d2-758a4cfe46c2" href="72160e28-d32f-b5ef-18d2-758a4cfe46c2.htm">_fields</a></li><li><a id="2b802403-b780-032d-042f-fa259a70b67d" href="2b802403-b780-032d-042f-fa259a70b67d.htm">_indexes</a></li><li><a id="92d649a7-6b8a-d285-7e14-6e78531a4b4b" href="92d649a7-6b8a-d285-7e14-6e78531a4b4b.htm">_records</a></li></tocItems></toc>