﻿<?xml version="1.0" encoding="utf-8"?><toc><breadcrumbs><li><a href="044e8d7f-0f94-a8b4-bd65-529f6359fdf7.htm">Docs</a></li><li><a href="044e8d7f-0f94-a8b4-bd65-529f6359fdf7.htm">In<wbr />Memory<wbr />DB</a></li><li><a href="46a67b2d-bfd0-833f-4eb7-7ea9c7c08d2c.htm">Field&lt;T&gt;</a></li></breadcrumbs><tocItems><li><a id="be146c35-c8f5-eefc-9da4-35d21ab03e27" href="be146c35-c8f5-eefc-9da4-35d21ab03e27.htm">Constructor</a></li><li><a id="7a98f26f-68d8-02a5-a442-66c523e2f6da" class="has-submenu" href="7a98f26f-68d8-02a5-a442-66c523e2f6da.htm"><span data-tocFile="../toc/IDBDA.xml" class="icon toggle" onclick="ToggleExpandCollapse(this); return false;"><i class="fa fa-angle-right"> </i></span>Properties</a><ul class="toc-menu is-hidden"> </ul></li><li><a id="190e1f60-c7c3-840d-807c-60548371390a" class="has-submenu" href="190e1f60-c7c3-840d-807c-60548371390a.htm"><span data-tocFile="../toc/IDCDA.xml" class="icon toggle" onclick="ToggleExpandCollapse(this); return false;"><i class="fa fa-angle-right"> </i></span>Methods</a><ul class="toc-menu is-hidden"> </ul></li><li><a id="88e502ce-8180-b281-bb46-901baed8053b" class="has-submenu" href="88e502ce-8180-b281-bb46-901baed8053b.htm"><span data-tocFile="../toc/IDDDA.xml" class="icon toggle" onclick="ToggleExpandCollapse(this); return false;"><i class="fa fa-angle-right"> </i></span>Operators</a><ul class="toc-menu is-hidden"> </ul></li></tocItems></toc>