﻿<?xml version="1.0" encoding="utf-8"?><toc><breadcrumbs><li><a href="044e8d7f-0f94-a8b4-bd65-529f6359fdf7.htm">Docs</a></li><li><a href="044e8d7f-0f94-a8b4-bd65-529f6359fdf7.htm">In<wbr />Memory<wbr />DB</a></li><li><a href="46a67b2d-bfd0-833f-4eb7-7ea9c7c08d2c.htm">Field&lt;T&gt;</a></li><li><a href="88e502ce-8180-b281-bb46-901baed8053b.htm">Operators</a></li></breadcrumbs><tocItems><li><a id="87a665d0-5f7f-294b-d308-903905c87b9b" href="87a665d0-5f7f-294b-d308-903905c87b9b.htm">Equality Operator</a></li><li><a id="28678495-7121-fba1-bb7d-942b7c284463" href="28678495-7121-fba1-bb7d-942b7c284463.htm">Inequality Operator</a></li></tocItems></toc>