﻿<?xml version="1.0" encoding="utf-8"?><toc><breadcrumbs><li><a href="044e8d7f-0f94-a8b4-bd65-529f6359fdf7.htm">Docs</a></li><li><a href="044e8d7f-0f94-a8b4-bd65-529f6359fdf7.htm">In<wbr />Memory<wbr />DB</a></li><li><a href="d216a1ac-6f71-a87f-e312-ebec07c90547.htm">ITree&lt;T&gt;</a></li></breadcrumbs><tocItems><li><a id="0b6e128f-c62e-3274-1e9d-81320b8167dc" class="has-submenu" href="0b6e128f-c62e-3274-1e9d-81320b8167dc.htm"><span data-tocFile="../toc/IDAEA.xml" class="icon toggle" onclick="ToggleExpandCollapse(this); return false;"><i class="fa fa-angle-right"> </i></span>Methods</a><ul class="toc-menu is-hidden"> </ul></li></tocItems></toc>