﻿<?xml version="1.0" encoding="utf-8"?><toc><breadcrumbs><li><a href="044e8d7f-0f94-a8b4-bd65-529f6359fdf7.htm">Docs</a></li><li><a href="044e8d7f-0f94-a8b4-bd65-529f6359fdf7.htm">In<wbr />Memory<wbr />DB</a></li><li><a href="5461e5eb-5405-4cba-b818-6e7fd22b84dd.htm">Parent<wbr />Field</a></li></breadcrumbs><tocItems><li><a id="d17aab5d-e57d-e3de-6501-c62244c35d07" href="d17aab5d-e57d-e3de-6501-c62244c35d07.htm">Constructor</a></li><li><a id="bf246226-7f61-b88c-d72a-a97a003ae101" href="bf246226-7f61-b88c-d72a-a97a003ae101.htm">Methods</a></li></tocItems></toc>