﻿<?xml version="1.0" encoding="utf-8"?><toc><breadcrumbs><li><a href="044e8d7f-0f94-a8b4-bd65-529f6359fdf7.htm">Docs</a></li><li><a href="044e8d7f-0f94-a8b4-bd65-529f6359fdf7.htm">In<wbr />Memory<wbr />DB</a></li><li><a href="dd104f96-249b-6ed8-8b7f-52cffe66f83b.htm">Program</a></li></breadcrumbs><tocItems><li><a id="a0cccb24-4aec-97da-4022-a2d834ae50cc" href="a0cccb24-4aec-97da-4022-a2d834ae50cc.htm">Constructor</a></li><li><a id="3441d170-6c58-1c02-1012-b7ae6faed9b8" class="has-submenu" href="3441d170-6c58-1c02-1012-b7ae6faed9b8.htm"><span data-tocFile="../toc/IDBGA.xml" class="icon toggle" onclick="ToggleExpandCollapse(this); return false;"><i class="fa fa-angle-right"> </i></span>Methods</a><ul class="toc-menu is-hidden"> </ul></li></tocItems></toc>