﻿<?xml version="1.0" encoding="utf-8"?><toc><breadcrumbs><li><a href="044e8d7f-0f94-a8b4-bd65-529f6359fdf7.htm">Docs</a></li><li><a href="044e8d7f-0f94-a8b4-bd65-529f6359fdf7.htm">In<wbr />Memory<wbr />DB</a></li><li><a href="072256a6-4e86-2a0a-723b-934e64bcdb43.htm">Db</a></li><li><a href="2cb4e269-e6a3-bb18-8c1a-cc45463ec93c.htm">Methods</a></li><li><a href="9a20e143-c81f-a6f8-c53c-fcb4362fdf0c.htm">Insert</a></li></breadcrumbs><tocItems><li><a id="850c4750-5574-a15d-0f38-0d812fc2f0b7" href="850c4750-5574-a15d-0f38-0d812fc2f0b7.htm">Insert(<wbr />List&lt;Parent<wbr />Field&gt;)</a></li><li><a id="7c1699c8-ebae-eecb-5876-8d68492627a7" href="7c1699c8-ebae-eecb-5876-8d68492627a7.htm">Insert(<wbr />Object[])</a></li></tocItems></toc>