﻿<?xml version="1.0" encoding="utf-8"?><toc><breadcrumbs><li><a href="044e8d7f-0f94-a8b4-bd65-529f6359fdf7.htm">Docs</a></li></breadcrumbs><tocItems><li><a id="044e8d7f-0f94-a8b4-bd65-529f6359fdf7" class="has-submenu" href="044e8d7f-0f94-a8b4-bd65-529f6359fdf7.htm"><span data-tocFile="../toc/IDA.xml" class="icon toggle" onclick="ToggleExpandCollapse(this); return false;"><i class="fa fa-angle-right"> </i></span>In<wbr />Memory<wbr />DB</a><ul class="toc-menu is-hidden"> </ul></li></tocItems></toc>